'id','shop_id','visitor_id','amount','datetime','payment_type','hashed_creditcard'
1,7,46,52,'2024-10-20 15:23:23.966100','CreditCard','17885dea465876f4393af6cf8999518dcb6b9005'
2,10,46,54,'2024-10-20 15:38:22.949150','Cash',''
3,2,46,97,'2024-10-20 16:11:20.711860','CreditCard','17885dea465876f4393af6cf8999518dcb6b9005'
4,2,46,40,'2024-10-20 16:20:20.101690','Cash',''
5,9,90,17,'2024-09-02 10:25:15.636368','Cash',''
6,10,90,32,'2024-09-02 10:34:15.151520','Cash',''
7,5,34,241,'2024-10-28 18:54:43.555074','CreditCard','3a084c140d04645ff8f25530c09bb7a26a29a0b0'
8,1,50,42,'2024-07-11 13:58:56.056600','CreditCard','5cf8fd942f8d62612e0d7b317284042a2b9049fd'
9,11,50,11,'2024-07-11 14:31:57.509425','CreditCard','5cf8fd942f8d62612e0d7b317284042a2b9049fd'
10,1,50,40,'2024-07-11 15:41:00.547150','CreditCard','5cf8fd942f8d62612e0d7b317284042a2b9049fd'
11,10,50,91,'2024-07-11 16:02:01.471675','CreditCard','5cf8fd942f8d62612e0d7b317284042a2b9049fd'
12,3,55,108,'2024-06-29 15:17:37.783329','CreditCard','26764a7a33a9c4f85806a9d69c0bd7b2a81ccad0'
13,9,55,66,'2024-06-29 16:17:37.449989','CreditCard','26764a7a33a9c4f85806a9d69c0bd7b2a81ccad0'
14,5,55,17,'2024-06-29 16:29:37.383321','Cash',''
15,11,55,27,'2024-06-29 17:11:37.149983','Cash',''
16,10,55,260,'2024-06-29 17:32:37.033314','CreditCard','26764a7a33a9c4f85806a9d69c0bd7b2a81ccad0'
17,2,55,25,'2024-06-29 18:11:36.816643','Cash',''
18,11,55,44,'2024-06-29 18:20:36.766642','Cash',''
19,2,55,42,'2024-06-29 18:35:36.683307','Cash',''
20,8,55,103,'2024-06-29 19:17:36.449969','Cash',''
21,2,55,60,'2024-06-29 19:35:36.349967','CreditCard','26764a7a33a9c4f85806a9d69c0bd7b2a81ccad0'
22,1,55,97,'2024-06-29 20:29:36.049961','Cash',''
23,3,67,10,'2024-01-17 16:43:34.329926','CreditCard','1541861c60b72dbd349d1155c38d0a854f212092'
24,11,67,96,'2024-01-17 18:49:36.478268','Cash',''
25,10,31,96,'2024-08-09 16:21:39.497728','Cash',''
26,10,12,80,'2024-01-19 13:02:03.825560','Cash',''
27,9,12,879,'2024-01-19 13:08:04.028400','CreditCard','37b0cef710b3dcb0bdc410e16b01e36f0f15e540'
28,7,11,29,'2024-09-05 17:57:08.136832','Cash',''
29,10,84,24,'2024-11-07 11:05:02.591550','CreditCard','ae0acbccc53050c00bf23708cd87497c6836e58d'
30,11,84,25,'2024-11-07 11:26:01.605635','Cash',''
31,6,84,45,'2024-11-07 11:32:01.323945','Cash',''
32,11,32,22,'2024-11-29 13:58:55.873419','CreditCard','ea9236bc0f8c1e5d4a24be7e93a85cba0413c384'
33,6,32,399,'2024-11-29 14:37:55.638340','Cash',''
34,2,32,886,'2024-11-29 15:52:55.186265','CreditCard','ea9236bc0f8c1e5d4a24be7e93a85cba0413c384'
35,2,32,24,'2024-11-29 16:01:55.132016','CreditCard','ea9236bc0f8c1e5d4a24be7e93a85cba0413c384'
36,2,31,372,'2024-04-12 11:03:26.000000','Cash',''
37,6,31,34,'2024-04-12 11:33:26.000000','Cash',''
38,10,77,85,'2024-04-07 13:41:38.268642','Cash',''
39,5,77,87,'2024-04-07 14:29:38.865650','CreditCard','53ad75353f419108d9ce1b32972016ed7da1f1ad'
40,11,77,60,'2024-04-07 14:59:39.238780','Cash',''
41,5,77,63,'2024-04-07 15:05:39.313406','CreditCard','53ad75353f419108d9ce1b32972016ed7da1f1ad'
42,5,77,10,'2024-04-07 15:14:39.425345','CreditCard','53ad75353f419108d9ce1b32972016ed7da1f1ad'
43,7,52,69,'2024-06-09 20:27:55.117649','CreditCard','5fed3560b1f3c8fdd7f4f1e25a94106ba26e2877'
44,4,25,30,'2024-05-31 18:42:00.065087','Cash',''
45,6,25,97,'2024-05-31 19:18:01.485203','Cash',''
46,5,35,92,'2024-09-15 18:11:23.164382','CreditCard','edbed561dc2b7d6a254dc37c0fb99c1bece564af'
47,11,35,52,'2024-09-15 18:26:23.712327','CreditCard','edbed561dc2b7d6a254dc37c0fb99c1bece564af'
48,2,35,13,'2024-09-15 18:53:24.698628','Cash',''
49,11,52,31,'2024-10-22 14:25:44.036144','Cash',''
50,11,52,25,'2024-10-22 15:28:42.771083','CreditCard','5fed3560b1f3c8fdd7f4f1e25a94106ba26e2877'
51,10,52,66,'2024-10-22 15:34:42.650601','CreditCard','5fed3560b1f3c8fdd7f4f1e25a94106ba26e2877'
52,2,52,33,'2024-10-22 15:55:42.228914','CreditCard','5fed3560b1f3c8fdd7f4f1e25a94106ba26e2877'
53,8,52,80,'2024-10-22 16:37:41.385540','CreditCard','5fed3560b1f3c8fdd7f4f1e25a94106ba26e2877'
54,10,52,99,'2024-10-22 17:22:40.481925','CreditCard','5fed3560b1f3c8fdd7f4f1e25a94106ba26e2877'
55,2,52,98,'2024-10-22 17:25:40.421684','Cash',''
56,4,52,31,'2024-10-22 17:28:40.361443','CreditCard','5fed3560b1f3c8fdd7f4f1e25a94106ba26e2877'
57,11,52,60,'2024-10-22 17:31:40.301202','Cash',''
58,10,52,44,'2024-10-22 18:22:39.277105','Cash',''
59,1,35,14,'2024-05-14 14:02:17.333328','Cash',''
60,9,35,71,'2024-05-14 14:05:17.166661','CreditCard','edbed561dc2b7d6a254dc37c0fb99c1bece564af'
61,3,35,421,'2024-05-14 14:14:16.666660','Cash',''
62,1,35,70,'2024-05-14 14:17:16.499993','Cash',''
63,10,1,76,'2024-12-10 11:49:25.445858','Cash',''
64,11,1,75,'2024-12-10 14:52:29.331192','CreditCard','e2d4a96be03b9e0fe800a69c7a84da9340c9c086'
65,4,1,75,'2024-12-10 15:55:30.668766','CreditCard','e2d4a96be03b9e0fe800a69c7a84da9340c9c086'
66,9,1,32,'2024-12-10 17:10:32.261116','CreditCard','e2d4a96be03b9e0fe800a69c7a84da9340c9c086'
67,2,1,83,'2024-12-10 18:01:33.343914','CreditCard','e2d4a96be03b9e0fe800a69c7a84da9340c9c086'
68,4,3,43,'2024-04-19 16:08:41.277972','Cash',''
69,10,3,14,'2024-04-19 18:17:38.633429','Cash',''
70,1,3,19,'2024-04-19 18:32:38.325924','Cash',''
71,11,41,18,'2024-08-19 10:02:48.917992','CreditCard','e2a4089f7036c96acdb4f9330c32161dffbc35ea'
72,2,41,86,'2024-08-19 11:11:48.708416','Cash',''
73,7,41,73,'2024-08-19 11:14:48.699304','CreditCard','e2a4089f7036c96acdb4f9330c32161dffbc35ea'
74,10,41,22,'2024-08-19 13:35:48.271040','Cash',''
75,6,41,83,'2024-08-19 14:41:48.070576','CreditCard','e2a4089f7036c96acdb4f9330c32161dffbc35ea'
76,11,41,236,'2024-08-19 15:38:47.897448','CreditCard','e2a4089f7036c96acdb4f9330c32161dffbc35ea'
77,11,41,36,'2024-08-19 16:20:47.769880','Cash',''
78,6,41,41,'2024-08-19 16:29:47.742544','Cash',''
79,11,41,68,'2024-08-19 18:02:47.460072','Cash',''
80,10,41,70,'2024-08-19 18:29:47.378064','CreditCard','e2a4089f7036c96acdb4f9330c32161dffbc35ea'
81,3,41,13,'2024-08-19 19:14:47.241384','Cash',''
82,5,41,34,'2024-08-19 19:17:47.232272','Cash',''
83,10,41,95,'2024-08-19 20:23:47.031808','Cash',''
84,1,15,52,'2024-01-28 18:19:04.163936','CreditCard','491d33b6f512f263bab11085c6da2dd1090c56ae'
85,5,15,96,'2024-01-28 19:01:04.737712','CreditCard','491d33b6f512f263bab11085c6da2dd1090c56ae'
86,2,15,56,'2024-01-28 19:40:05.270504','Cash',''
87,11,15,10,'2024-01-28 19:46:05.352472','CreditCard','491d33b6f512f263bab11085c6da2dd1090c56ae'
88,5,15,90,'2024-01-28 20:13:05.721328','CreditCard','491d33b6f512f263bab11085c6da2dd1090c56ae'
89,2,15,27,'2024-01-28 20:22:05.844280','Cash',''
90,1,71,27,'2024-06-17 10:39:06.727275','Cash',''
91,2,84,44,'2024-02-04 15:31:14.325080','CreditCard','ae0acbccc53050c00bf23708cd87497c6836e58d'
92,5,84,63,'2024-02-04 15:55:14.696600','Cash',''
93,2,84,49,'2024-02-04 16:07:14.882360','CreditCard','ae0acbccc53050c00bf23708cd87497c6836e58d'
94,10,84,63,'2024-02-04 17:37:16.275560','Cash',''
95,3,84,56,'2024-02-04 18:01:16.647080','CreditCard','ae0acbccc53050c00bf23708cd87497c6836e58d'
96,1,84,84,'2024-02-04 18:04:16.693520','CreditCard','ae0acbccc53050c00bf23708cd87497c6836e58d'
97,10,35,81,'2024-11-12 19:12:53.781250','CreditCard','edbed561dc2b7d6a254dc37c0fb99c1bece564af'
98,3,61,22,'2024-09-13 16:21:57.278165','Cash',''
99,4,61,73,'2024-09-13 16:48:57.778862','CreditCard','4edc6f78299e567271b009b41343a32e7a14feb4'
100,5,61,78,'2024-09-13 17:48:58.891522','CreditCard','4edc6f78299e567271b009b41343a32e7a14feb4'
101,9,61,589,'2024-09-13 18:24:59.559118','CreditCard','4edc6f78299e567271b009b41343a32e7a14feb4'
102,10,61,54,'2024-09-13 18:45:59.948549','CreditCard','4edc6f78299e567271b009b41343a32e7a14feb4'
103,3,61,20,'2024-09-13 19:10:00.393613','Cash',''
104,11,31,64,'2024-02-02 14:44:12.507156','Cash',''
105,4,31,21,'2024-02-02 14:53:12.624192','Cash',''
106,4,31,88,'2024-02-02 15:26:13.053324','CreditCard','0c76fc13ae0193387711dd2daeadbd27a5a98a32'
107,4,31,64,'2024-02-02 15:29:13.092336','Cash',''
108,4,31,30,'2024-02-02 15:32:13.131348','Cash',''
109,1,31,62,'2024-02-02 15:41:13.248384','CreditCard','0c76fc13ae0193387711dd2daeadbd27a5a98a32'
110,11,31,92,'2024-02-02 16:02:13.521468','Cash',''
111,11,31,24,'2024-02-02 16:08:13.599492','CreditCard','0c76fc13ae0193387711dd2daeadbd27a5a98a32'
112,10,31,58,'2024-02-02 16:14:13.677516','Cash',''
113,2,31,93,'2024-02-02 16:26:13.833564','CreditCard','0c76fc13ae0193387711dd2daeadbd27a5a98a32'
114,7,31,10,'2024-02-02 16:53:14.184672','CreditCard','0c76fc13ae0193387711dd2daeadbd27a5a98a32'
115,11,63,608,'2024-04-10 12:08:37.636121','Cash',''
116,11,63,12,'2024-04-10 12:14:37.555259','Cash',''
117,4,63,34,'2024-04-10 13:14:36.746639','Cash',''
118,7,63,94,'2024-04-10 13:32:36.504053','Cash',''
119,9,63,17,'2024-04-10 15:02:35.291123','CreditCard','7b3ff3a15b6ab9aabed8e1a0d26c3a11e90ee2e8'
120,4,63,24,'2024-04-10 15:47:34.684658','Cash',''
121,10,63,40,'2024-04-10 16:47:33.876038','Cash',''
122,7,63,23,'2024-04-10 17:44:33.107849','Cash',''
123,11,2,34,'2024-04-08 19:02:10.710225','CreditCard','5454b527d98ea53fe3d5dd4342df62f8524a3f76'
124,2,2,69,'2024-04-08 19:35:12.272720','CreditCard','5454b527d98ea53fe3d5dd4342df62f8524a3f76'
125,1,2,66,'2024-04-08 20:05:13.693170','CreditCard','5454b527d98ea53fe3d5dd4342df62f8524a3f76'
126,2,2,100,'2024-04-08 20:23:14.545440','Cash',''
127,9,57,55,'2024-11-03 18:51:23.554570','Cash',''
128,7,57,73,'2024-11-03 19:03:23.376398','CreditCard','3ec877c943a6b356a41813d424d8d99c8c4c4e18'
129,11,44,69,'2024-08-20 15:27:21.534190','Cash',''
130,10,13,42,'2024-05-27 16:37:30.002384','Cash',''
131,3,13,347,'2024-05-27 17:28:32.842472','CreditCard','d2000ff0e45ea886a31c4708358764f65c7b9ef4'
132,10,13,28,'2024-05-27 17:37:33.343664','Cash',''
133,5,13,615,'2024-05-27 17:49:34.011920','CreditCard','d2000ff0e45ea886a31c4708358764f65c7b9ef4'
134,11,80,36,'2024-07-11 11:38:19.133032','Cash',''
135,7,80,16,'2024-07-11 12:23:19.216177','CreditCard','116675b9549bcd354d872cb36dd291520f6c5408'
136,10,80,91,'2024-07-11 13:32:19.343666','CreditCard','116675b9549bcd354d872cb36dd291520f6c5408'
137,4,80,75,'2024-07-11 13:41:19.360295','Cash',''
138,6,80,34,'2024-07-11 14:20:19.432354','Cash',''
139,10,80,201,'2024-07-11 14:44:19.476698','CreditCard','116675b9549bcd354d872cb36dd291520f6c5408'
140,11,80,33,'2024-07-11 15:11:19.526585','Cash',''
141,11,80,73,'2024-07-11 16:23:19.659617','CreditCard','116675b9549bcd354d872cb36dd291520f6c5408'
142,1,80,261,'2024-07-11 17:02:19.731676','CreditCard','116675b9549bcd354d872cb36dd291520f6c5408'
143,11,80,87,'2024-07-11 17:44:19.809278','CreditCard','116675b9549bcd354d872cb36dd291520f6c5408'
144,10,80,19,'2024-07-11 19:02:19.953396','CreditCard','a6a9145dba3f5e92fd10a8800cad97d706afda75'
145,11,80,82,'2024-07-11 19:14:19.975568','Cash',''
146,10,74,91,'2024-04-02 13:35:35.260380','CreditCard','75d6034283c8df4371a942fe656ba7f57c5751b5'
147,4,74,91,'2024-04-02 14:11:34.626420','Cash',''
148,10,74,59,'2024-04-02 14:47:33.992460','Cash',''
149,2,74,29,'2024-04-02 15:35:33.147180','CreditCard','17c392dcf0013cf722fa173043be1654dcef3159'
150,11,74,12,'2024-04-02 16:38:32.037750','Cash',''
151,10,74,68,'2024-04-02 17:20:31.298130','Cash',''
152,10,74,39,'2024-04-02 19:02:29.501910','Cash',''
153,2,89,81,'2024-09-11 14:10:39.656964','CreditCard','43cb92b00859099f624c242c767c2e80f961b67e'
154,10,69,50,'2024-05-12 10:11:26.612784','CreditCard','598604ad09a4b85e155609a4df10354428d7b01e'
155,11,69,19,'2024-05-12 12:35:25.451136','Cash',''
156,6,69,72,'2024-05-12 13:17:25.112322','Cash',''
157,6,69,76,'2024-05-12 13:44:24.894513','Cash',''
158,11,69,25,'2024-05-12 16:05:23.757066','CreditCard','598604ad09a4b85e155609a4df10354428d7b01e'
159,3,69,28,'2024-05-12 17:20:23.152041','CreditCard','598604ad09a4b85e155609a4df10354428d7b01e'
160,2,69,38,'2024-05-12 17:38:23.006835','CreditCard','bdafa3a18f422e8e62057324a6cf16e20c993914'
161,8,69,87,'2024-05-12 17:47:22.934232','CreditCard','598604ad09a4b85e155609a4df10354428d7b01e'
162,1,69,60,'2024-05-12 18:59:22.353408','Cash',''
163,5,69,72,'2024-05-12 19:38:22.038795','CreditCard','598604ad09a4b85e155609a4df10354428d7b01e'
164,11,78,70,'2024-08-02 11:20:45.000000','CreditCard','2da4994589e89e6bf57d8680ae1d7ae4d94566ce'
165,2,97,91,'2024-01-22 12:21:13.154908','CreditCard','212ee719de80da46e7829b08efe55f98698aedc7'
166,10,97,74,'2024-01-22 13:12:13.447512','CreditCard','212ee719de80da46e7829b08efe55f98698aedc7'
167,9,97,91,'2024-01-22 14:51:14.015508','Cash',''
168,4,97,44,'2024-01-22 16:21:14.531868','CreditCard','212ee719de80da46e7829b08efe55f98698aedc7'
169,9,97,75,'2024-01-22 17:33:14.944956','CreditCard','212ee719de80da46e7829b08efe55f98698aedc7'
170,10,55,39,'2024-08-16 11:07:04.447358','Cash',''
171,1,55,36,'2024-08-16 11:28:04.907881','CreditCard','26764a7a33a9c4f85806a9d69c0bd7b2a81ccad0'
172,4,55,41,'2024-08-16 11:31:04.973670','Cash',''
173,4,55,83,'2024-08-16 11:34:05.039459','CreditCard','26764a7a33a9c4f85806a9d69c0bd7b2a81ccad0'
174,5,55,84,'2024-08-16 11:37:05.105248','Cash',''
175,7,55,49,'2024-08-16 11:40:05.171037','CreditCard','4e53b5703cdd3115a5b568b99b27aa7ee18518b1'
176,2,55,42,'2024-08-16 11:52:05.434193','Cash',''
177,3,55,99,'2024-08-16 12:28:06.223661','CreditCard','26764a7a33a9c4f85806a9d69c0bd7b2a81ccad0'
178,4,55,65,'2024-08-16 13:16:07.276285','CreditCard','26764a7a33a9c4f85806a9d69c0bd7b2a81ccad0'
179,2,55,200,'2024-08-16 13:28:07.539441','Cash',''
180,11,55,38,'2024-08-16 13:34:07.671019','CreditCard','26764a7a33a9c4f85806a9d69c0bd7b2a81ccad0'
181,9,33,78,'2024-07-18 17:59:01.676326','Cash',''
182,9,93,95,'2024-06-12 16:56:27.658528','CreditCard','3133b38ec3b468013257f53748aa7706b91ae497'
183,2,93,83,'2024-06-12 17:32:26.780476','CreditCard','3133b38ec3b468013257f53748aa7706b91ae497'
184,1,93,83,'2024-06-12 18:23:25.536569','CreditCard','3133b38ec3b468013257f53748aa7706b91ae497'
185,2,93,186,'2024-06-12 18:41:25.097543','Cash',''
186,6,82,551,'2024-01-12 19:29:43.000000','Cash',''
187,10,82,23,'2024-01-12 19:32:43.000000','Cash',''
188,11,82,441,'2024-01-12 20:29:43.000000','Cash',''
189,9,72,99,'2024-07-20 14:38:53.527265','CreditCard','600088acb3166ad260f1e7db2844e599fafee673'
190,1,72,114,'2024-07-20 15:02:52.363625','Cash',''
191,2,72,15,'2024-07-20 15:32:50.909075','CreditCard','600088acb3166ad260f1e7db2844e599fafee673'
192,1,72,93,'2024-07-20 16:05:49.309070','CreditCard','600088acb3166ad260f1e7db2844e599fafee673'
193,5,50,37,'2024-02-25 12:08:56.276596','CreditCard','5cf8fd942f8d62612e0d7b317284042a2b9049fd'
194,10,50,445,'2024-02-25 12:14:56.914894','Cash',''
195,8,50,88,'2024-02-25 12:20:57.553192','CreditCard','5cf8fd942f8d62612e0d7b317284042a2b9049fd'
196,1,99,85,'2024-08-06 13:21:38.523045','CreditCard','fe7c06f7718a3f3d8e14436fcd980800540492cb'
197,10,99,47,'2024-08-06 14:03:38.077887','Cash',''
198,11,99,74,'2024-08-06 14:06:38.046090','CreditCard','fe7c06f7718a3f3d8e14436fcd980800540492cb'
199,11,99,86,'2024-08-06 14:09:38.014293','Cash',''
200,3,99,92,'2024-08-06 15:39:37.060383','CreditCard','fe7c06f7718a3f3d8e14436fcd980800540492cb'
201,11,66,485,'2024-10-04 19:04:15.644070','CreditCard','bf31edf9c1dc18149eff254206bc3baabb2e8dcf'
202,3,66,39,'2024-10-04 19:31:14.423733','CreditCard','bf31edf9c1dc18149eff254206bc3baabb2e8dcf'
203,9,66,55,'2024-10-04 19:43:13.881361','CreditCard','bf31edf9c1dc18149eff254206bc3baabb2e8dcf'
204,11,98,32,'2024-04-22 18:26:58.375920','Cash',''
205,8,98,601,'2024-04-22 19:12:01.324320','Cash',''
206,11,66,70,'2024-02-14 11:23:39.524068','CreditCard','bf31edf9c1dc18149eff254206bc3baabb2e8dcf'
207,2,66,77,'2024-02-14 11:56:39.679872','CreditCard','bf31edf9c1dc18149eff254206bc3baabb2e8dcf'
208,2,66,813,'2024-02-14 12:29:39.835676','Cash',''
209,4,66,18,'2024-02-14 14:11:40.317252','Cash',''
210,9,66,77,'2024-02-14 14:38:40.444728','CreditCard','bf31edf9c1dc18149eff254206bc3baabb2e8dcf'
211,2,66,97,'2024-02-14 14:44:40.473056','CreditCard','bf31edf9c1dc18149eff254206bc3baabb2e8dcf'
212,7,66,12,'2024-02-14 15:59:40.827156','CreditCard','bf31edf9c1dc18149eff254206bc3baabb2e8dcf'
213,2,66,92,'2024-02-14 16:02:40.841320','Cash',''
214,3,66,91,'2024-02-14 16:53:41.082108','Cash',''
215,5,66,35,'2024-02-14 17:08:41.152928','CreditCard','bf31edf9c1dc18149eff254206bc3baabb2e8dcf'
216,8,66,27,'2024-02-14 17:35:41.280404','Cash',''
217,1,66,64,'2024-02-14 17:53:41.365388','Cash',''
218,10,66,304,'2024-02-14 19:44:41.889456','CreditCard','bf31edf9c1dc18149eff254206bc3baabb2e8dcf'
219,4,86,95,'2024-07-08 15:13:08.627120','Cash',''
220,10,89,20,'2024-03-11 13:16:08.000000','Cash',''
221,1,89,52,'2024-03-11 14:01:08.000000','Cash',''
222,5,89,44,'2024-03-11 15:37:08.000000','Cash',''
223,11,44,72,'2024-04-22 11:19:45.229885','Cash',''
224,7,44,59,'2024-04-22 11:22:45.275862','CreditCard','3127c0989a228f2e55debef71c06ac9f22208034'
225,11,44,76,'2024-04-22 12:13:46.057471','CreditCard','3127c0989a228f2e55debef71c06ac9f22208034'
226,9,94,70,'2024-08-05 11:35:31.420170','CreditCard','ee997b0eee7188eff9288d9e74a6f60015c30f45'
227,11,94,63,'2024-08-05 11:56:31.714289','CreditCard','ee997b0eee7188eff9288d9e74a6f60015c30f45'
228,1,94,23,'2024-08-05 12:26:32.134459','CreditCard','ee997b0eee7188eff9288d9e74a6f60015c30f45'
229,3,94,32,'2024-08-05 13:11:32.764714','CreditCard','ee997b0eee7188eff9288d9e74a6f60015c30f45'
230,5,94,68,'2024-08-05 13:20:32.890765','CreditCard','ee997b0eee7188eff9288d9e74a6f60015c30f45'
231,11,94,38,'2024-08-05 13:47:33.268918','Cash',''
232,2,94,26,'2024-08-05 14:05:33.521020','Cash',''
233,11,94,66,'2024-08-05 14:20:33.731105','CreditCard','ee997b0eee7188eff9288d9e74a6f60015c30f45'
234,5,94,48,'2024-08-05 16:08:35.243717','CreditCard','ee997b0eee7188eff9288d9e74a6f60015c30f45'
235,2,94,84,'2024-08-05 16:59:35.958006','CreditCard','ee997b0eee7188eff9288d9e74a6f60015c30f45'
236,10,94,48,'2024-08-05 18:38:37.344567','CreditCard','ee997b0eee7188eff9288d9e74a6f60015c30f45'
237,5,39,20,'2024-01-05 10:01:29.044778','CreditCard','c31d7b6de7483f30bc24ce23c150bd5ea50be854'
238,11,39,57,'2024-01-05 12:19:32.477620','CreditCard','c31d7b6de7483f30bc24ce23c150bd5ea50be854'
239,11,39,46,'2024-01-05 12:25:32.626874','Cash',''
240,2,39,81,'2024-01-05 13:16:33.895533','CreditCard','c31d7b6de7483f30bc24ce23c150bd5ea50be854'
241,9,39,38,'2024-01-05 13:40:34.492549','Cash',''
242,5,39,28,'2024-01-05 14:34:35.835835','Cash',''
243,1,55,93,'2024-04-27 13:35:17.244896','CreditCard','1ac7452ee0568ad48c6f46c34d2fe73006b934da'
244,2,55,23,'2024-04-27 14:29:17.979584','Cash',''
245,11,55,84,'2024-04-27 14:53:18.306112','Cash',''
246,8,55,84,'2024-04-27 16:32:19.653040','Cash',''
247,1,55,91,'2024-04-27 17:38:20.550992','Cash',''
248,5,55,13,'2024-04-27 18:29:21.244864','Cash',''
249,4,11,13,'2024-06-28 18:22:21.333332','CreditCard','ac6866582dae1375f1066f3dd33c4e4869c72e88'
250,2,39,55,'2024-05-01 11:45:02.460019','Cash',''
251,4,39,96,'2024-05-01 13:18:04.497246','CreditCard','c31d7b6de7483f30bc24ce23c150bd5ea50be854'
252,4,39,680,'2024-05-01 13:51:05.220133','Cash',''
253,1,39,91,'2024-05-01 13:54:05.285850','CreditCard','c31d7b6de7483f30bc24ce23c150bd5ea50be854'
254,6,39,84,'2024-05-01 14:48:06.468756','CreditCard','c31d7b6de7483f30bc24ce23c150bd5ea50be854'
255,2,39,54,'2024-05-01 15:15:07.060209','CreditCard','c31d7b6de7483f30bc24ce23c150bd5ea50be854'
256,4,39,82,'2024-05-01 15:18:07.125926','CreditCard','c31d7b6de7483f30bc24ce23c150bd5ea50be854'
257,11,34,25,'2024-02-09 12:46:39.000000','CreditCard','3a084c140d04645ff8f25530c09bb7a26a29a0b0'
258,8,34,938,'2024-02-09 13:31:39.000000','Cash',''
259,1,34,23,'2024-02-09 13:40:39.000000','Cash',''
260,10,34,65,'2024-02-09 13:52:39.000000','CreditCard','3a084c140d04645ff8f25530c09bb7a26a29a0b0'
261,9,34,90,'2024-02-09 14:01:39.000000','CreditCard','3a084c140d04645ff8f25530c09bb7a26a29a0b0'
262,1,34,132,'2024-02-09 15:37:39.000000','CreditCard','3a084c140d04645ff8f25530c09bb7a26a29a0b0'
263,11,88,36,'2024-02-04 15:12:12.516023','Cash',''
264,11,88,94,'2024-02-04 16:12:09.817883','Cash',''
265,1,88,63,'2024-02-04 17:03:07.524464','Cash',''
266,6,59,86,'2024-02-10 17:30:37.830872','CreditCard','12eaf7664a44258ebbe22805370cd5d8917e6ff8'
267,10,59,320,'2024-02-10 17:36:37.890220','Cash',''
268,5,59,52,'2024-02-10 19:06:38.780440','Cash',''
269,5,59,41,'2024-02-10 19:18:38.899136','CreditCard','12eaf7664a44258ebbe22805370cd5d8917e6ff8'
270,7,44,57,'2024-04-25 13:30:18.260588','Cash',''
271,4,44,96,'2024-04-25 14:00:18.912058','CreditCard','3127c0989a228f2e55debef71c06ac9f22208034'
272,5,44,51,'2024-04-25 14:39:19.758969','CreditCard','3127c0989a228f2e55debef71c06ac9f22208034'
273,11,44,270,'2024-04-25 15:42:21.127056','CreditCard','3127c0989a228f2e55debef71c06ac9f22208034'
274,1,44,265,'2024-04-25 16:12:21.778526','Cash',''
275,11,34,44,'2024-02-28 14:36:35.000000','Cash',''
276,2,34,55,'2024-02-28 14:57:35.000000','CreditCard','3a084c140d04645ff8f25530c09bb7a26a29a0b0'
277,10,34,267,'2024-02-28 15:30:35.000000','Cash',''
278,11,34,83,'2024-02-28 16:06:35.000000','CreditCard','3a084c140d04645ff8f25530c09bb7a26a29a0b0'
279,6,34,84,'2024-02-28 16:39:35.000000','Cash',''
280,7,34,15,'2024-02-28 16:57:35.000000','Cash',''
281,6,34,76,'2024-02-28 17:36:35.000000','CreditCard','3a084c140d04645ff8f25530c09bb7a26a29a0b0'
282,10,34,125,'2024-02-28 17:45:35.000000','Cash',''
283,11,98,13,'2024-06-05 15:38:02.745492','CreditCard','0afd14efaa9caaaf36520e08e29f7a229390ba72'
284,2,98,94,'2024-06-05 15:50:02.490984','CreditCard','0afd14efaa9caaaf36520e08e29f7a229390ba72'
285,6,98,82,'2024-06-05 16:50:01.218444','CreditCard','0afd14efaa9caaaf36520e08e29f7a229390ba72'
286,2,98,41,'2024-06-05 17:41:00.136785','CreditCard','0afd14efaa9caaaf36520e08e29f7a229390ba72'
287,3,98,82,'2024-06-05 18:49:58.673364','CreditCard','0afd14efaa9caaaf36520e08e29f7a229390ba72'
288,11,98,275,'2024-06-05 19:34:57.718959','Cash',''
289,10,98,86,'2024-06-05 20:04:57.082689','CreditCard','9f416f6f4db6ed070a4010de7cb2c26d33571fdb'
290,11,69,69,'2024-10-16 15:46:24.228672','Cash',''
291,2,69,64,'2024-10-16 15:49:24.382256','CreditCard','598604ad09a4b85e155609a4df10354428d7b01e'
292,10,35,77,'2024-09-28 15:45:29.679712','CreditCard','edbed561dc2b7d6a254dc37c0fb99c1bece564af'
293,10,35,41,'2024-09-28 16:06:30.112256','Cash',''
294,10,35,66,'2024-09-28 16:33:30.668384','CreditCard','edbed561dc2b7d6a254dc37c0fb99c1bece564af'
295,11,35,19,'2024-09-28 17:12:31.471680','Cash',''
296,5,35,84,'2024-09-28 17:27:31.780640','Cash',''
297,1,35,61,'2024-09-28 17:39:32.027808','CreditCard','edbed561dc2b7d6a254dc37c0fb99c1bece564af'
298,8,35,731,'2024-09-28 17:42:32.089600','CreditCard','edbed561dc2b7d6a254dc37c0fb99c1bece564af'
299,9,35,28,'2024-09-28 17:54:32.336768','Cash',''
300,1,35,232,'2024-09-28 18:12:32.707520','Cash',''
301,1,35,240,'2024-09-28 18:39:33.263648','Cash',''
302,11,62,33,'2024-10-15 18:03:36.390254','CreditCard','084a384c3b43f4aa5df84d9a5323e0cddd46c2ce'
303,1,62,27,'2024-10-15 18:51:37.622606','Cash',''
304,11,62,673,'2024-10-15 19:00:37.853672','Cash',''
305,10,67,50,'2024-06-05 12:57:24.178525','CreditCard','1541861c60b72dbd349d1155c38d0a854f212092'
306,3,67,39,'2024-06-05 13:00:24.123760','CreditCard','1541861c60b72dbd349d1155c38d0a854f212092'
307,10,67,37,'2024-06-05 13:36:23.466580','CreditCard','45dce9fc335c2c2a08cf42e2e3d66a3c3b752f2c'
308,11,67,24,'2024-06-05 13:39:23.411815','CreditCard','1541861c60b72dbd349d1155c38d0a854f212092'
309,9,67,92,'2024-06-05 13:48:23.247520','CreditCard','1541861c60b72dbd349d1155c38d0a854f212092'
310,11,67,18,'2024-06-05 14:33:22.426045','CreditCard','1541861c60b72dbd349d1155c38d0a854f212092'
311,2,67,100,'2024-06-05 15:48:21.056920','Cash',''
312,4,67,50,'2024-06-05 16:03:20.783095','CreditCard','1541861c60b72dbd349d1155c38d0a854f212092'
313,2,99,59,'2024-03-11 18:39:06.616824','Cash',''
314,6,99,49,'2024-03-11 18:48:08.579442','CreditCard','fe7c06f7718a3f3d8e14436fcd980800540492cb'
315,5,95,50,'2024-10-28 12:06:40.000000','CreditCard','5f3d4127a159399fbc8f30f1c887b0f8e0c69319'
316,11,95,130,'2024-10-28 12:09:40.000000','CreditCard','5f3d4127a159399fbc8f30f1c887b0f8e0c69319'
317,11,95,22,'2024-10-28 12:30:40.000000','CreditCard','5f3d4127a159399fbc8f30f1c887b0f8e0c69319'
318,8,43,30,'2024-05-01 16:51:16.623184','CreditCard','c0997440e230d3a3bf8e82ddbdb6bcbdaf121aed'
319,4,43,53,'2024-05-01 17:09:16.188400','CreditCard','c0997440e230d3a3bf8e82ddbdb6bcbdaf121aed'
320,1,14,82,'2024-11-15 10:12:36.537040','CreditCard','d9bcc7ece71ca443373a66628b418ab5acf90eba'
321,10,14,69,'2024-11-15 10:39:36.259264','CreditCard','d9bcc7ece71ca443373a66628b418ab5acf90eba'
322,10,14,418,'2024-11-15 11:42:35.611120','Cash',''
323,7,14,38,'2024-11-15 12:15:35.271616','Cash',''
324,10,14,79,'2024-11-15 13:18:34.623472','Cash',''
325,4,14,49,'2024-11-15 14:57:33.604960','CreditCard','d9bcc7ece71ca443373a66628b418ab5acf90eba'
326,4,14,141,'2024-11-15 15:39:33.172864','Cash',''
327,2,14,89,'2024-11-15 15:48:33.080272','Cash',''
328,10,14,39,'2024-11-15 16:30:32.648176','Cash',''
329,9,14,21,'2024-11-15 16:57:32.370400','CreditCard','d9bcc7ece71ca443373a66628b418ab5acf90eba'
330,2,14,75,'2024-11-15 17:09:32.246944','CreditCard','1fc1097181e60c5c4a1e04a422b623f0fce0aa3b'
331,2,14,61,'2024-11-15 17:18:32.154352','CreditCard','d9bcc7ece71ca443373a66628b418ab5acf90eba'
332,7,72,115,'2024-12-04 18:11:00.359280','CreditCard','600088acb3166ad260f1e7db2844e599fafee673'
333,11,2,18,'2024-02-24 11:48:40.206640','CreditCard','5454b527d98ea53fe3d5dd4342df62f8524a3f76'
334,10,2,749,'2024-02-24 12:00:40.236160','Cash',''
335,10,2,107,'2024-02-24 12:54:40.369000','Cash',''
336,11,2,30,'2024-02-24 13:36:40.472320','Cash',''
337,11,2,32,'2024-02-24 13:39:40.479700','Cash',''
338,5,2,83,'2024-02-24 16:18:40.870840','Cash',''
339,3,2,93,'2024-02-24 16:39:40.922500','CreditCard','5454b527d98ea53fe3d5dd4342df62f8524a3f76'
340,6,5,82,'2024-07-25 12:17:51.483090','Cash',''
341,8,5,89,'2024-07-25 12:26:51.579708','CreditCard','d45404a4e96a7af0341befe1909654597029e3f1'
342,1,5,84,'2024-07-25 13:02:51.966180','CreditCard','d45404a4e96a7af0341befe1909654597029e3f1'
343,9,5,30,'2024-07-25 13:11:52.062798','Cash',''
344,5,5,14,'2024-07-25 13:17:52.127210','CreditCard','d45404a4e96a7af0341befe1909654597029e3f1'
345,3,5,93,'2024-07-25 13:32:52.288240','Cash',''
346,11,5,20,'2024-07-25 15:17:53.415450','Cash',''
347,3,5,66,'2024-07-25 15:35:53.608686','Cash',''
348,7,75,17,'2024-12-12 19:04:44.255468','Cash',''
349,1,96,92,'2024-09-16 19:25:57.724638','CreditCard','4cfe9ca859a5a7fcc8d4833eef415301ee58af8a'
350,10,13,79,'2024-07-13 12:48:31.635536','CreditCard','d2000ff0e45ea886a31c4708358764f65c7b9ef4'
351,4,13,619,'2024-07-13 12:51:31.612757','CreditCard','d2000ff0e45ea886a31c4708358764f65c7b9ef4'
352,2,13,100,'2024-07-13 13:18:31.407746','Cash',''
353,11,13,86,'2024-07-13 13:33:31.293851','CreditCard','d2000ff0e45ea886a31c4708358764f65c7b9ef4'
354,8,13,938,'2024-07-13 14:06:31.043282','Cash',''
